epoch,lr,train_loss,train_acc,val_loss,val_acc,val_macro_f1,val_weighted_f1,val_kappa,val_cnv_f1,val_dme_f1,val_drusen_f1,val_normal_f1,epoch_time_sec
1,0.0001,1.2172358033717081,0.6106655441332861,1.0155190701362757,0.8134307389716212,0.7758058205366,0.8246138678460515,0.7377163993016848,0.8298934304600027,0.8341040462427746,0.5503955968352253,0.8888302086083971,1708.8980462551117
2,0.0002,0.926116051635012,0.8336139666784828,0.9534272285752432,0.8653179732134495,0.8302027872157169,0.8712730620648493,0.8086171009377267,0.882172813207296,0.8874783612233121,0.6351039260969977,0.9160560483352616,1688.4681618213654
3,0.0003,0.8568874089082308,0.8766616448068061,0.9284773793427743,0.8855483750117074,0.8495785201617204,0.8881890894220266,0.8359177972095311,0.9101382488479263,0.8819167142042214,0.6823630136986302,0.9238961038961039,1618.7202863693237
4,0.0004,0.8204386749617473,0.8969115561857497,0.9237379594873911,0.8857356935468764,0.8516952404368872,0.8888003884428111,0.8368538606276916,0.9012035445046952,0.8895774647887323,0.6855241264559068,0.9304758259982141,1653.0720710754395
5,0.0005,0.8060036283547639,0.9060173697270472,0.9195963139082705,0.8898567013205957,0.8554918583530173,0.892157580967958,0.8419193746952065,0.9077707006369427,0.8894616265750286,0.6940008631851532,0.9307342430149448,1751.7162864208221
6,0.0005,0.7851909402624507,0.9184686281460475,0.9201167788751855,0.8872342418282289,0.8488318584673492,0.891740149404902,0.83893916994669,0.9149755972257899,0.8928366762177651,0.657154504688137,0.9303606557377049,1561.1664283275604
7,0.0004980326179779622,0.7768136084882641,0.9230990783410138,0.9606988408362988,0.8771190409291,0.8429497262027055,0.8837909979165607,0.8260203149828976,0.8963406520292748,0.8899630366789878,0.6561679790026247,0.9293272370999347,1545.203215122223
8,0.0004921614987015934,0.7696802618126631,0.9253589152782701,0.8984681783353745,0.9030626580500141,0.8671537812688577,0.9035211835666026,0.8599956921926865,0.9241466498103666,0.8877992500721085,0.7166666666666667,0.9400025585262889,1469.8114218711853
9,0.0004824792332291187,0.7648434863154747,0.9298785891527827,0.8957611100734748,0.9043738877961974,0.8686818954678504,0.9044554609365615,0.861759032033717,0.9246661627614009,0.8907947398513436,0.7193563653573118,0.9399103139013453,1510.381807088852
10,0.00046913851667094395,0.7553046745152728,0.9330911024459412,0.8972341623703304,0.9069026880209797,0.869437495843614,0.9061146847816284,0.8651537848560221,0.9281767955801105,0.8931276297335203,0.7157057654075547,0.9407397926532702,1535.46994805336
11,0.0004523497400965494,0.7541091972549347,0.9338222261609358,0.9075966476361337,0.9010021541631544,0.8651667227385158,0.9024973113308375,0.8574832234559182,0.9228209394598745,0.8924949290060852,0.7062472308373948,0.9391037916507086,1472.0586524009705
12,0.0004323776725416422,0.7461691959683501,0.9376550868486352,0.8932249561486714,0.9083075770347476,0.8734100599354918,0.9086692180328313,0.8676206443843595,0.9258931953036232,0.900511654349062,0.722248243559719,0.944987146529563,1471.1709759235382
13,0.0004095372854422981,0.745066368571413,0.9376107763204538,0.8793594207116768,0.9119602884705441,0.8771470263666437,0.9121638624260472,0.872732499447442,0.9326851159311892,0.9006849315068494,0.7296786389413988,0.9455394190871369,1488.3746423721313
14,0.00038418878534725965,0.7386745969398104,0.9401586316908898,0.8966155636173248,0.9056851175423808,0.8696316849524437,0.9070857589847289,0.8642163324767044,0.930685555274475,0.8991716652385033,0.7088948787061995,0.9397746405905971,1558.252007484436
15,0.00035673193324548566,0.736636692995469,0.942507089684509,0.8950037029956939,0.9087758733726702,0.8725231010817371,0.9090610818513679,0.8682309337401314,0.9313262005473999,0.9035532994923858,0.7140825035561877,0.9411304007309751,1520.1712424755096
16,0.0003275997400965494,0.7320777070898403,0.9428615739099611,0.9175749126180812,0.8980050576004496,0.8644953881197474,0.9016348574319415,0.8544587015430121,0.9145020232345646,0.9037372593431483,0.697255223269152,0.9424870466321243,1534.109533548355
17,0.00029725163798913836,0.7268570270554388,0.9460076214108473,0.901015731126525,0.908026599231994,0.8743312919792008,0.9100992918904384,0.8680635359901626,0.9295165394402035,0.9101628298708591,0.7151621384750219,0.9424836601307189,1470.599015712738
18,0.00026616623462256375,0.7239700051771331,0.9467609003899327,0.9116548210175908,0.9058724360775499,0.8722752062330348,0.9078638614215563,0.8648172149918755,0.9269727586647909,0.9013761467889908,0.7185732927359721,0.9421786267423852,1533.405695438385
19,0.0002348337653774363,0.7208068773113468,0.9474034030485643,0.9120706233028572,0.9039055914582748,0.8702606053656924,0.906581738666428,0.8623853311276835,0.9253005883857764,0.904775360271263,0.7098976109215017,0.9410688618842284,1514.9928092956543
20,0.00020374836201086165,0.7241680093455594,0.9463177951081176,0.88570774116241,0.9113046735974525,0.8765341192985594,0.9122795179552551,0.8721136633198768,0.9329981143934633,0.9056064073226545,0.7223744292237443,0.9451575262543758,1533.9185955524445
21,0.00017340025990345064,0.7186356497250395,0.9488878057426444,0.8839708781230089,0.9128968811463894,0.8775038829913318,0.9131945715796947,0.8742976596419127,0.9332161687170475,0.9035874439461884,0.7256385998107853,0.9475733194913055,1525.783222913742
22,0.00014426806675451437,0.7172436622261621,0.9507488479262672,0.9204978693848503,0.9035309543879367,0.870178230936902,0.9064295245129669,0.862006356462806,0.9227395846768993,0.9035360678925035,0.7107368421052631,0.9437004290729424,1458.6532833576202
23,0.00011681121465274027,0.7149628705692731,0.9510147110953563,0.8977669974112317,0.9089631919078393,0.8741280879371218,0.9102793805625953,0.8689710112911587,0.9291398256915498,0.9052213393870602,0.7168620378719567,0.9452891487979207,1451.3222827911377
24,9.146271455770191e-05,0.7161000137821828,0.9503500531726338,0.8947724590821694,0.9101807623864382,0.8747614371167699,0.9108237423942874,0.8702940297045592,0.9320412786307576,0.9022773133467858,0.7205542725173211,0.9441728839722151,1447.0049540996552
25,6.862232745835787e-05,0.7126365985717388,0.9515242821694435,0.899667492336109,0.9067153694858107,0.8714996484736314,0.9084457528495291,0.8659274767497598,0.9274882120555626,0.9026750142287991,0.7111897390535161,0.9446456285566477,1446.8133585453033
26,4.865025990345063e-05,0.7142569893262607,0.950859624246721,0.8857554628352297,0.9105553994567762,0.8751409606736329,0.9112402825828809,0.8709837397556172,0.9314688838498363,0.9031525134904856,0.7203703703703703,0.9455720749838397,1444.2779145240784
27,3.186148332905606e-05,0.7107692002003516,0.9518344558667139,0.8883241643949294,0.9104617401891917,0.8747557399800949,0.9110795460543594,0.8708580708942203,0.9307954115719148,0.9032805429864253,0.7187354718735471,0.9462115334884924,1444.9647512435913
28,1.8520766770881288e-05,0.7130963560306024,0.9522997164126197,0.8912448155695193,0.909618806780931,0.8746543362236525,0.9108392843460923,0.8698956976489258,0.9303325325578455,0.9048158640226629,0.7179719330013581,0.9454970153127433,1444.4131841659546
29,8.838501298406547e-06,0.7127744975515986,0.9506602268699043,0.8904808446495589,0.9098997845836846,0.8748998636264479,0.9110199122834166,0.8702748125293077,0.9303149108384975,0.9049773755656109,0.7185084129149614,0.945798755186722,1442.2937874794006
30,2.967382022037798e-06,0.7080297315640468,0.9525655795817086,0.889692613205861,0.9102744216540226,0.8756667487284671,0.9113197217935688,0.8707812093075081,0.9303853442830069,0.9052333804809052,0.7213862289101687,0.9456620412397874,1442.4341180324554
